{"cameraMode":{"drawMode":0,"name":"Shaded","section":"Shading Mode"},"sceneLighting":true,"audioPlay":false,"sceneViewState":{"showFog":true,"showMaterialUpdate":false,"showSkybox":true,"showFlares":true,"showImageEffects":true,"showParticleSystems":true},"in2DMode":false,"pivot":{"x":22.396610260009767,"y":8.71122932434082,"z":12.446155548095704},"rotation":{"x":0.06426435708999634,"y":-0.7474618554115295,"z":-0.07312077283859253,"w":-0.6571664810180664},"size":11.971613883972168,"orthographic":false}